"state","total_firms","total_pop","female_firms","female_pop","female_firm_prop","female_pop_prop","female_target","female_needed","female_progress","female_met","female_hisp_firms","female_hisp_pop","female_hisp_firm_prop","female_hisp_pop_prop","female_hisp_target","female_hisp_needed","female_hisp_progress","female_hisp_met","hisp_firms","hisp_pop","hisp_firm_prop","hisp_pop_prop","hisp_target","hisp_needed","hisp_progress","hisp_met","female_baa_firms","female_baa_pop","female_baa_firm_prop","female_baa_pop_prop","female_baa_target","female_baa_needed","female_baa_progress","female_baa_met","baa_firms","baa_pop","baa_firm_prop","baa_pop_prop","baa_target","baa_needed","baa_progress","baa_met","female_aian_firms","female_aian_pop","female_aian_firm_prop","female_aian_pop_prop","female_aian_target","female_aian_needed","female_aian_progress","female_aian_met","aian_firms","aian_pop","aian_firm_prop","aian_pop_prop","aian_target","aian_needed","aian_progress","aian_met","female_asian_firms","female_asian_pop","female_asian_firm_prop","female_asian_pop_prop","female_asian_target","female_asian_needed","female_asian_progress","female_asian_met","asian_firms","asian_pop","asian_firm_prop","asian_pop_prop","asian_target","asian_needed","asian_progress","asian_met","female_nhpi_firms","female_nhpi_pop","female_nhpi_firm_prop","female_nhpi_pop_prop","female_nhpi_target","female_nhpi_needed","female_nhpi_progress","female_nhpi_met","nhpi_firms","nhpi_pop","nhpi_firm_prop","nhpi_pop_prop","nhpi_target","nhpi_needed","nhpi_progress","nhpi_met","female_white_firms","female_white_pop","female_white_firm_prop","female_white_pop_prop","female_white_target","female_white_needed","female_white_progress","female_white_met","white_firms","white_pop","white_firm_prop","white_pop_prop","white_target","white_needed","white_progress","white_met"
"Alabama",67787,4921532,12376,2544566,0.182571879563928,0.51702721835396,35047.7240505599,22671.7240505599,0.353118507271581,"No",348,107886,0.00513372770590231,0.0219212229037625,1485.97393697735,1137.97393697735,0.234189840979226,"No",759,226557,0.0111968371516662,0.0460338366183538,3120.49568284835,2361.49568284835,0.243230588067084,"No",716,707418,0.0105624972339829,0.143739388466843,9743.6619260019,9027.6619260019,0.0734836661449926,"No",2094,1319751,0.0308908787820674,0.268158573387311,18177.6652142057,16083.6652142057,0.115196312360487,"No",80,17358,0.00118016728871318,0.00352695055116984,239.08139701215,159.08139701215,0.334614072862953,"No",470,34897,0.0069334828211899,0.00709067826847413,480.655807785056,10.6558077850555,0.977830689627658,"No",1004,40283,0.0148110994733503,0.00818505294692791,554.840184113402,0,1,"Yes",4553,75551,0.0671662708188886,0.0153511142465395,1040.60598143017,0,1,"Yes",0,2550,0,0.000518131346093046,35.1225695576093,35.1225695576093,0,"No",16,5393,0.000236033457742635,0.001095796999796,74.2807912251713,58.2807912251713,0.215398890293163,"No",10639,1731214,0.156947497307743,0.351763231449069,23844.974170238,13205.974170238,0.446173685240515,"No",56169,3396053,0.828610205496629,0.690039808742481,46775.7285152266,0,1,"Yes"
"Alaska",15497,731158,3830,349621,0.247144608633929,0.478174348088922,7410.26787233402,3580.26787233402,0.516850411615911,"No",0,25367,0,0.034694279485419,537.657249185538,537.657249185538,0,"No",325,53556,0.0209718009937407,0.0732481898577325,1135.12719822528,810.127198225281,0.286311525711059,"No",28,11605,0.00180680131638382,0.0158720823679697,245.969660456427,217.969660456427,0.113835177672086,"No",0,26657,0,0.0364586040226599,564.998986539161,564.998986539161,0,"No",0,56183,0,0.0768411205238813,1190.80684475859,1190.80684475859,0,"No",0,113812,0,0.1556599257616,2412.26186952752,2412.26186952752,0,"No",0,25514,0,0.0348953304210581,540.772935535137,540.772935535137,0,"No",0,48557,0,0.066411090352564,1029.17266719368,1029.17266719368,0,"No",4,5672,0.000258114473769117,0.00775755719010118,120.218863774998,116.218863774998,0.0332726485211706,"No",24,11642,0.0015486868426147,0.0159226870252394,246.753880830135,222.753880830135,0.0972629079601854,"No",3236,222552,0.208814609279215,0.304382910396932,4717.02196242126,1481.02196242126,0.686026061735561,"No",12679,473485,0.818158353229657,0.647582328306604,10035.5833417674,0,1,"Yes"
"Arizona",111329,7421401,25100,3735475,0.225457877103001,0.503338251093021,56036.144155935,30936.144155935,0.447925180757491,"No",2504,1177700,0.0224918933970484,0.158689713707695,17666.767137364,15162.767137364,0.141735043006494,"No",8623,2366919,0.0774551105282541,0.318931560226971,35506.3316685084,26883.3316685084,0.242858093043951,"No",447,192079,0.00401512633725265,0.0258817708408426,2881.39166594016,2434.39166594016,0.155133370198789,"No",1308,395074,0.0117489602888735,0.0532344229883279,5926.53507686756,4618.53507686756,0.220702313077566,"No",257,198875,0.00230847308428172,0.0267975009031314,2983.33897804471,2726.33897804471,0.0861450884030746,"No",899,391444,0.00807516460221506,0.0527452970133267,5872.08117119665,4973.08117119665,0.153097338710118,"No",0,148276,0,0.0199795159970469,2224.29953643524,2224.29953643524,0,"No",6236,281163,0.0560141562396141,0.0378854343000735,4217.74751519289,0,1,"Yes",0,9864,0,0.00132912909570578,147.970613095829,147.970613095829,0,"No",317,20949,0.00284741621679886,0.00282278238300289,314.257539917328,0,1,"Yes",22707,3072080,0.203963028501109,0.413948794843453,46084.5053811268,23377.5053811268,0.492725262259173,"No",96425,6105819,0.866126525882744,0.822731314478223,91593.8545095461,0,1,"Yes"
"Arkansas",47519,3030522,9007,1543666,0.189545234537764,0.509372972708992,24204.8942901586,15197.8942901586,0.372114824879121,"No",218,116595,0.00458763862875902,0.038473569899839,1828.22556807045,1610.22556807045,0.119241303593671,"No",1042,243163,0.0219280708769124,0.0802379920026979,3812.8291419762,2770.8291419762,0.273287881832525,"No",0,249903,0,0.0824620312936187,3918.51326504147,3918.51326504147,0,"No",0,475874,0,0.157027073223689,7461.76949251647,7461.76949251647,0,"No",0,15934,0,0.00525784006847665,249.847302213942,249.847302213942,0,"No",218,31714,0.00458763862875902,0.0104648638089412,497.279863337075,279.279863337075,0.438384933862145,"No",607,27221,0.0127738378332877,0.00898228094037925,426.829008005882,0,1,"Yes",2488,53246,0.0523580041667544,0.0175699103982746,834.904572215612,0,1,"Yes",0,5979,0,0.00197292743626346,93.7515388438031,93.7515388438031,0,"No",0,12835,0,0.00423524396127136,201.254557795654,201.254557795654,0,"No",8190,1210109,0.172352111786864,0.399307116067793,18974.6748484255,10784.6748484255,0.431627949644661,"No",40821,2388414,0.859045855342074,0.788119670472612,37450.658621188,0,1,"Yes"
"California",763943,39368078,171932,19790589,0.225058675843617,0.502706507541465,384039.11749075,212107.11749075,0.447693977434841,"No",21516,7742745,0.0281644049359704,0.196675717823969,150249.037901596,128733.037901596,0.143202248084222,"No",84785,15569780,0.110983411066009,0.39549251045479,302133.734914364,217348.734914364,0.280620765582603,"No",4397,1283247,0.00575566501689262,0.0325961302962263,24901.58556689,20504.58556689,0.176575101540779,"No",13729,2555258,0.0179712360738956,0.0649068516883146,49585.1349993261,35856.1349993261,0.2768773343097,"No",2535,328777,0.00331831039750348,0.00835136020610404,6379.96316993174,3844.96316993174,0.397337716924018,"No",9632,667270,0.0126082705123288,0.0169495193542342,12948.4666640317,3316.46666403171,0.743871861427099,"No",49072,3265079,0.0642351589058346,0.0829372213700654,63359.3097051118,14287.3097051118,0.774503387558859,"No",168089,6233297,0.220028195820892,0.158333790133214,120957.990635738,0,1,"Yes",0,102219,0,0.00259649455073728,1983.57383657389,1983.57383657389,0,"No",0,203774,0,0.00517612264434144,3954.26266128613,3954.26266128613,0,"No",118283,13990001,0.154832232247694,0.355364084576341,271477.904863504,153194.904863504,0.435700283083706,"No",545040,28073011,0.713456370436014,0.71309071781457,544760.662239416,0,1,"Yes"
"Colorado",138395,5807719,32993,2881832,0.238397340944398,0.49620720286226,68672.5958401224,35679.5958401224,0.480439097959999,"No",2012,625527,0.0145380974746197,0.107706140741313,14905.9913478941,12893.9913478941,0.134979281353485,"No",6966,1274247,0.0503341883738574,0.219405759817236,30364.6601299064,23398.6601299064,0.229411426645251,"No",0,125656,0,0.0216360330105503,2994.3187884951,2994.3187884951,0,"No",1252,269041,0.00904656960150294,0.0463247274876763,6411.11066065696,5159.11066065696,0.195285975592832,"No",396,47377,0.00286137504967665,0.00815759164656554,1128.96989592644,732.969895926439,0.350762231507546,"No",1185,96393,0.00856244806532028,0.0165973939166134,2296.99633108971,1111.99633108971,0.515891115697964,"No",1897,110883,0.0137071425990823,0.0190923493371494,2642.28568651479,745.285686514792,0.717939021386505,"No",6069,206907,0.0438527403446656,0.0356262071219355,4930.48893464026,0,1,"Yes",0,6001,0,0.00103328001922958,143.000788261278,143.000788261278,0,"No",178,12285,0.00128617363344051,0.00211528829132401,292.745323077787,114.745323077787,0.608037040963086,"No",30986,2497531,0.223895371942628,0.4300364738721,59514.8978015293,28528.8978015293,0.520642749036255,"No",122752,5033960,0.886968459843202,0.866770585835851,119956.715226753,0,1,"Yes"
"Connecticut",66032,3557006,11803,1822086,0.178746668282045,0.512252720405869,33825.0716338404,22022.0716338404,0.348942350448466,"No",858,309057,0.0129937000242307,0.0868868368509921,5737.31161094471,4879.31161094471,0.149547394003011,"No",2620,612929,0.039677732008723,0.172315987097014,11378.36925999,8758.36925999,0.230261467186933,"No",0,232368,0,0.0653268507278312,4313.66260726015,4313.66260726015,0,"No",943,444545,0.0142809546886358,0.124977298323365,8252.50096288845,7309.50096288845,0.114268390181434,"No",0,10975,0,0.0030854600751306,203.739099681024,203.739099681024,0,"No",0,22803,0,0.00641072857341258,423.31322915958,423.31322915958,0,"No",1377,91964,0.0208535255633632,0.0258543280500511,1707.21298980097,330.212989800973,0.806577742921538,"No",5648,178587,0.0855342864065907,0.050207112386091,3315.27604507836,0,1,"Yes",0,1932,0,0.000543153427348731,35.8655071146914,35.8655071146914,0,"No",18,4106,0.000272595105403441,0.00115434160077323,76.2234845822582,58.2234845822582,0.236147692520865,"No",10255,1438380,0.155303489217349,0.404379413473016,26701.9814304502,16446.9814304502,0.384053896026812,"No",54517,2815645,0.82561485340441,0.791577242208756,52269.4284575286,0,1,"Yes"
"Delaware",20398,986809,0,510069,0,0.51688725984461,10543.4663263104,10543.4663263104,0,"No",0,47725,0,0.0483629557492889,986.507571373994,986.507571373994,0,"No",444,97078,0.0217668398862634,0.0983756735092607,2006.6669882419,1562.6669882419,0.221262423013697,"No",205,121945,0.0100500049024414,0.123575078865312,2520.68445869464,2315.68445869464,0.0813271170427103,"No",558,230739,0.027355623100304,0.233823363994451,4769.52897875881,4211.52897875881,0.11699268470431,"No",0,3421,0,0.00346672963055667,70.714351004095,70.714351004095,0,"No",30,6898,0.00147073242474752,0.00699020783150539,142.586259347047,112.586259347047,0.210398955252635,"No",447,21169,0.0219139131287381,0.0214519729755201,437.577344754659,0,1,"Yes",2256,41543,0.110599078341014,0.0420983189249389,858.721509430903,0,1,"Yes",0,553,0,0.000560392132621409,11.4308787212115,11.4308787212115,0,"No",1,1136,4.90244141582508e-05,0.0011511852850957,23.481877445382,22.481877445382,0.0425860326682124,"No",0,348341,0,0.352997388552395,7200.44073169175,7200.44073169175,0,"No",15579,677898,0.763751348171389,0.686959685207573,14012.6036588641,0,1,"Yes"
"District of Columbia",15331,712816,2924,374884,0.190724675494097,0.525919732441472,8062.8754180602,5138.8754180602,0.362649780430747,"No",234,40150,0.0152631922249038,0.0563258961639469,863.532314089471,629.532314089471,0.270980015665928,"No",419,81115,0.0273302459069858,0.113795144890126,1744.59336631052,1325.59336631052,0.240170579626876,"No",758,177175,0.0494423064379362,0.248556429709771,3810.6186238805,3052.6186238805,0.198917833248844,"No",1612,324186,0.105146435327115,0.454796188637741,6972.48036800521,5360.48036800521,0.231194627294617,"No",0,1962,0,0.00275246346883347,42.198017440686,42.198017440686,0,"No",0,4240,0,0.0059482390967655,91.192453592512,91.192453592512,0,"No",349,18698,0.0227643337029548,0.0262311732621041,402.150117281318,53.150117281318,0.867835131714912,"No",1972,32460,0.128628269519275,0.0455376983681623,698.138453682297,0,1,"Yes",0,549,0,0.000770184732104779,11.8077021278984,11.8077021278984,0,"No",2,1089,0.000130454634400887,0.00152774348499473,23.4218353684541,21.4218353684541,0.0853904046603331,"No",1777,165101,0.115908942665188,0.231617977149783,3550.93520768333,1773.93520768333,0.500431547203401,"No",8744,329706,0.570347661600678,0.462540122556172,7091.20261890867,0,1,"Yes"
"Florida",465663,21733312,105083,11113132,0.22566319419838,0.511340931377601,238112.552128088,133029.552128088,0.441316507932235,"No",22181,2910341,0.0476331596025452,0.133911527152419,62357.643468377,40176.643468377,0.355706193599963,"No",77524,5749737,0.166480910014324,0.264558710609777,123195.202858681,45671.2028586807,0.629277749466666,"No",4963,1912916,0.0106579221454142,0.0880176937596994,40986.5833292229,36023.5833292229,0.121088404957664,"No",15149,3692972,0.0325321101311463,0.169922191334666,79126.4773834747,63977.4773834747,0.191452981365297,"No",1101,54773,0.00236437080034274,0.00252023253519758,1173.57904303771,72.579043037711,0.938155811942717,"No",2502,113961,0.0053729843255745,0.00524360944157982,2441.75490339438,0,1,"Yes",7820,351332,0.0167932603621074,0.0161655986901582,7527.72118285515,0,1,"Yes",30567,654244,0.0656418912389432,0.0301032810829753,14017.9841789415,0,1,"Yes",84,12876,0.000180387962968928,0.000592454569280559,275.884172094893,191.884172094893,0.304475604244188,"No",547,25891,0.00117466923504766,0.00119130485036059,554.746590533463,7.74659053346306,0.986035803255656,"No",92300,8529056,0.198212011690858,0.392441612212625,182745.538467768,90445.5384677678,0.505073890032503,"No",404025,16750159,0.8676338897443,0.770713593951994,358892.804300467,0,1,"Yes"
"Georgia",179635,10710017,39667,5508468,0.220819996103209,0.51432859537011,92391.4172293097,52724.4172293097,0.429336416623516,"No",1410,512463,0.00784924986778746,0.0478489436571389,8595.34499385015,7185.34499385015,0.164042281142739,"No",5683,1067941,0.031636373757898,0.0997142208084264,17912.1640549217,12229.1640549217,0.317270430450222,"No",4200,1870401,0.0233807442870265,0.174640339039611,31371.5173033806,27171.5173033806,0.13387940275198,"No",11310,3510241,0.0629610042586356,0.327753074528266,58875.9235428851,47565.9235428851,0.192098897468025,"No",0,27413,0,0.00255956643206075,459.787716023233,459.787716023233,0,"No",578,57589,0.00321763576140507,0.00537711564790233,965.918169410936,387.918169410936,0.598394375739399,"No",6655,248678,0.0370473460071812,0.0232191975045418,4170.98054372836,0,1,"Yes",24240,482232,0.13494029559941,0.0450262590619604,8088.29204659526,0,1,"Yes",0,6959,0,0.000649765541922109,116.720633123178,116.720633123178,0,"No",110,14483,0.000612352826564979,0.00135228543521453,242.917794154762,132.917794154762,0.4528280868956,"No",28930,3228123,0.161048793386589,0.301411566386869,54144.0667279053,25214.0667279053,0.534315239846766,"No",135190,6399954,0.752581623848359,0.597567118707655,107343.96936905,0,1,"Yes"
"Hawaii",23811,1407006,5353,702640,0.224812061652178,0.499386640852989,11890.8953053505,6537.89530535051,0.450176362884242,"No",0,74968,0,0.0532819334103764,1268.69611643447,1268.69611643447,0,"No",722,153943,0.0303221200285582,0.109411758016668,2605.20337013488,1883.20337013488,0.277137673118632,"No",0,12110,0,0.00860692847080965,204.939573818449,204.939573818449,0,"No",62,30537,0.00260383856200916,0.0217035321810994,516.782804764159,454.782804764159,0.119973032052207,"No",13,2579,0.000545966150098694,0.00183297015080248,43.644852260758,30.644852260758,0.297858723918481,"No",0,5474,0,0.00389053067293245,92.6374258531947,92.6374258531947,0,"No",0,279851,0,0.198898227868254,4735.96570377099,4735.96570377099,0,"No",11045,522091,0.463861240603083,0.371065226445374,8835.4341068908,0,1,"Yes",0,72450,0,0.0514923177299884,1226.08357746875,1226.08357746875,0,"No",1218,147408,0.0511528285246315,0.104767143850133,2494.61046221551,1276.61046221551,0.488252582296264,"No",2451,165000,0.102935617991685,0.11727028882606,2792.32284723733,341.322847237325,0.877763831078837,"No",10369,355055,0.435471000797951,0.252347893328102,6008.65568803545,0,1,"Yes"
"Idaho",42181,1826913,6927,910789,0.164220857732154,0.498539886683164,21028.9109601826,14101.9109601826,0.329403648772683,"No",0,115292,0,0.0631075480879495,2661.9394858978,2661.9394858978,0,"No",1452,237272,0.0344230814821839,0.129875916368212,5478.29602832757,4026.29602832757,0.265045918017554,"No",0,7260,0,0.00397391665612977,167.62377847221,167.62377847221,0,"No",0,16771,0,0.00917996642423586,387.220163740693,387.220163740693,0,"No",0,15788,0,0.00864190029848165,364.523996490254,364.523996490254,0,"No",476,31836,0.0112847016429198,0.0174261171714252,735.051048407888,259.051048407888,0.647574071258058,"No",177,16348,0.00419620208150589,0.00894842830501507,377.453654333841,200.453654333841,0.468931742924527,"No",907,29282,0.0215025722481686,0.0160281305130567,676.082573171246,0,1,"Yes",0,1929,0,0.0010558795082196,44.5380535362111,44.5380535362111,0,"No",46,4112,0.00109053839406368,0.00225079136225972,94.9406304514774,48.9406304514774,0.484513319337076,"No",6638,845931,0.157369431734667,0.463038469812191,19531.425695148,12893.425695148,0.339862542735372,"No",38156,1697299,0.904577890519428,0.929052998144958,39188.3845147525,1032.38451475248,0.973655854214561,"No"
"Illinois",243465,12587530,50842,6402224,0.208826730741585,0.508616384628279,123830.288083524,72988.2880835239,0.410578064436924,"No",3847,1087207,0.0158010391637402,0.0863717504546166,21028.4982244332,17181.4982244332,0.182942212940824,"No",14920,2219748,0.061281909103978,0.176345001759678,42933.83585342,28013.83585342,0.347511460446679,"No",0,980947,0,0.077930062530139,18973.2426739003,18973.2426739003,0,"No",5038,1852475,0.0206929127389974,0.147167474476724,35830.1291734757,30792.1291734757,0.140607921774659,"No",361,37424,0.0014827593288563,0.00297310115646199,723.846073058019,362.846073058019,0.498724816555114,"No",1306,77474,0.00536422072987904,0.00615482147808188,1498.4836111612,192.483611161205,0.871547736840415,"No",0,393408,0,0.0312537884716064,7609.20361023966,7609.20361023966,0,"No",21581,760289,0.0886410777729859,0.0604001738228231,14705.3283197736,0,1,"Yes",0,4116,0,0.000326990283240636,79.6106893091814,79.6106893091814,0,"No",255,8513,0.00104737847329185,0.000676304247139828,164.656413529898,0,1,"Yes",43162,4851727,0.177282155545972,0.385439160820272,93840.9452891075,50678.9452891075,0.459948478428317,"No",204233,9620497,0.838859795042409,0.764287910336659,186077.356090115,0,1,"Yes"
"Indiana",102087,6754953,18996,3422994,0.186076581739105,0.506738388853335,51731.4019028704,32735.4019028704,0.367204430988869,"No",745,243773,0.0072976970623096,0.0360880379182505,3684.11952696044,2939.11952696044,0.20221928049513,"No",2399,502475,0.0234995640972896,0.07438615783115,7593.85969450861,5194.85969450861,0.315913131991996,"No",290,352317,0.00284071429271112,0.0521568395812673,5324.53528233283,5034.53528233283,0.054464847094213,"No",1758,681501,0.0172206059537453,0.100889080945493,10299.4636064825,8541.46360648253,0.170688500602449,"No",34,14400,0.000333049261904062,0.0021317690885488,217.625910942682,183.625910942682,0.156231396586572,"No",279,29369,0.00273296306091863,0.00434777266399929,443.851067949696,164.851067949696,0.628589227663232,"No",646,89227,0.00632793597617718,0.0132091222544406,1348.47966358907,702.479663589073,0.479058021743261,"No",4533,179485,0.0444033030650328,0.0265708732540404,2712.54073788522,0,1,"Yes",13,2341,0.000127342364845671,0.000346560516409219,35.3793234386679,22.3793234386679,0.367446257770764,"No",0,4822,0,0.000713846565623773,72.8744543448341,72.8744543448341,0,"No",18043,2888044,0.176741406839265,0.427544647608947,43646.7504404546,25603.7504404546,0.413387017771582,"No",88746,5707819,0.869317346968762,0.844982785224412,86261.7575952046,0,1,"Yes"
"Iowa",58174,3163561,9944,1587866,0.170935469453708,0.501923623410454,29198.9048682798,19254.9048682798,0.340560717768654,"No",0,98759,0,0.0312176689496425,1816.0566734765,1816.0566734765,0,"No",901,205956,0.0154880187025132,0.0651025853460705,3787.2777999223,2886.2777999223,0.237901745686172,"No",0,62149,0,0.01964526683696,1142.84375297331,1142.84375297331,0,"No",364,132706,0.00625709079657579,0.0419482981361826,2440.30029577429,2076.30029577429,0.149161970201092,"No",0,8766,0,0.00277092807756828,161.195969984457,161.195969984457,0,"No",148,17588,0.002544091862344,0.00555955772624583,323.421711166625,175.421711166625,0.457606879470597,"No",0,43028,0,0.013601128601598,791.232055269363,791.232055269363,0,"No",1666,87400,0.0286382232612507,0.0276270949098184,1607.17861928378,0,1,"Yes",0,2654,0,0.000838928030785561,48.8037992629192,48.8037992629192,0,"No",0,5536,0,0.00174992674394456,101.800238402231,101.800238402231,0,"No",9291,1439071,0.159710523601609,0.454889600674683,26462.747629649,17171.747629649,0.351097328592981,"No",51083,2855523,0.878107058135937,0.902629347118643,52509.5596392799,1426.55963927991,0.972832382349427,"No"
"Kansas",52963,2913805,9869,1462265,0.186337631931726,0.501840377101419,26578.9718924225,16709.9718924225,0.371308568290168,"No",0,175079,0,0.0600860387019722,3182.33686777255,3182.33686777255,0,"No",1386,362238,0.0261692124690822,0.124317859293947,6584.24678178533,5198.24678178533,0.210502438006156,"No",128,86545,0.0024167815267262,0.0297017130521775,1573.09182838248,1445.09182838248,0.0813684221674557,"No",0,179638,0,0.0616506595328102,3265.20388083623,3265.20388083623,0,"No",0,17530,0,0.00601618845461519,318.635389121784,318.635389121784,0,"No",0,35490,0,0.012179950271209,645.08670621404,645.08670621404,0,"No",460,47897,0.0086853086116723,0.0164379565550886,870.603493027159,410.603493027159,0.52836911830039,"No",2333,93452,0.0440496195457206,0.0320721530781916,1698.63744348026,0,1,"Yes",8,1820,0.000151048845420388,0.000624612834420972,33.0813695494379,25.0813695494379,0.241827956609974,"No",0,3936,0,0.00135081105290162,71.5430057948284,71.5430057948284,0,"No",9338,1261822,0.176311764816948,0.433049569205901,22935.6043338521,13597.6043338521,0.407139915045423,"No",45681,2508194,0.862507788456092,0.860796793196525,45590.3805580675,0,1,"Yes"
"Kentucky",61895,4477251,12584,2271906,0.203312060748041,0.507433244193814,31407.5806493761,18823.5806493761,0.40066760125473,"No",173,83373,0.00279505614346878,0.0186214710767835,1152.57595229751,979.575952297515,0.150098568042433,"No",968,179277,0.0156393892883108,0.0400417577660935,2478.38459693236,1510.38459693236,0.390576991641309,"No",277,191698,0.00447532110832862,0.0428160047314747,2650.09661285463,2373.09661285463,0.104524491166238,"No",664,382113,0.0107278455448744,0.0853454496967,5282.45660897725,4618.45660897725,0.125699092136709,"No",0,6554,0,0.00146384466718529,90.6046656754334,90.6046656754334,0,"No",144,13658,0.00232652072057517,0.00305053257009714,188.812713426163,44.8127134261626,0.762660508325955,"No",572,38719,0.00924145730672914,0.00864794044381251,535.264273769775,0,1,"Yes",2927,74926,0.0472897649244689,0.0167348223273611,1035.80182795202,0,1,"Yes",0,2190,0,0.000489139429529414,30.2752849907231,30.2752849907231,0,"No",0,4670,0,0.00104305074698738,64.559625984784,64.559625984784,0,"No",11811,1985388,0.190823168268842,0.44343906562308,27446.6609667405,15635.6609667405,0.430325569085158,"No",53671,3907588,0.867129816624929,0.872765006920541,54019.7901033469,348.790103346895,0.993543290288992,"No"
"Louisiana",76221,4645318,14528,2381158,0.190603639416959,0.512593109879668,39070.3594281382,24542.3594281382,0.37184198488681,"No",0,119146,0,0.0256486208263891,1954.9635280082,1954.9635280082,0,"No",1639,252634,0.0215032602563598,0.0543846513844693,4145.25251317563,2506.25251317563,0.39539207678916,"No",1132,804910,0.0148515500977421,0.173273390540755,13207.0711004069,12075.0711004069,0.085711660927238,"No",2877,1528900,0.0377455032077774,0.329127090976334,25086.3960013071,22209.3960013071,0.11468367157443,"No",0,18672,0,0.0040195310633201,306.372677177321,306.372677177321,0,"No",0,37188,0,0.00800547992623971,610.185685457917,610.185685457917,0,"No",0,44078,0,0.00948869377726132,723.237728396635,723.237728396635,0,"No",5120,86912,0.067173088781307,0.0187095910333803,1426.06373815528,0,1,"Yes",0,1478,0,0.000318169821743097,24.2512219830806,24.2512219830806,0,"No",15,2951,0.000196796158538985,0.000635263290909255,48.4204032963943,33.4204032963943,0.309786762992885,"No",12398,1470056,0.162658584904423,0.316459712768857,24120.875766955,11722.875766955,0.513994604498769,"No",63401,2906906,0.831804883168681,0.625771152803748,47696.9030378545,0,1,"Yes"
"Maine",32674,1350141,5546,688840,0.169737405888474,0.510198564446232,16670.2278947162,11124.2278947162,0.332688913134647,"No",73,12256,0.00223419232417212,0.00907757041671944,296.600535795891,223.600535795891,0.246122279597754,"No",193,25266,0.00590683724061945,0.0187136010238931,611.448199854682,418.448199854682,0.315644072622781,"No",0,10683,0,0.00791250691594433,258.533250971565,258.533250971565,0,"No",195,23786,0.00596804798922691,0.0176174192176965,575.631555519016,380.631555519016,0.3387583570261,"No",0,4886,0,0.00361888128721371,118.243327178421,118.243327178421,0,"No",66,9659,0.00201995470404603,0.00715406761219754,233.752005160942,167.752005160942,0.282350519109164,"No",0,10060,0,0.0074510736286062,243.456379741079,243.456379741079,0,"No",596,18049,0.0182408030850217,0.0133682333919198,436.793657847588,0,1,"Yes",1,241,3.06053743037277e-05,0.00017849987519822,5.83230492222664,4.83230492222664,0.171458799451491,"No",1,507,3.06053743037277e-05,0.000375516334960571,12.2696207285017,11.2696207285017,0.0815021117708269,"No",5336,650431,0.163310277284691,0.481750424585284,15740.7133728996,10404.7133728996,0.338993530571929,"No",29277,1273121,0.896033543490237,0.942954106274826,30810.0824684237,1533.08246842367,0.950240883970535,"No"
"Maryland",104055,6055802,23343,3123228,0.224333285281822,0.515741432761507,53665.4747859986,30322.4747859986,0.434972393202235,"No",926,317162,0.00889913987794916,0.0523732446998763,5449.69797724562,4523.69797724562,0.169917673211685,"No",4082,654437,0.0392292537600308,0.108067767076929,11244.9915031898,7162.99150318983,0.363006054637042,"No",2751,1009355,0.0264379414732593,0.166675693822222,17343.4393206713,14592.4393206713,0.158619057566116,"No",6717,1894597,0.0645524001729854,0.312856496959445,32554.282791115,25837.282791115,0.206332298674792,"No",0,18686,0,0.00308563589100172,321.075842638184,321.075842638184,0,"No",0,38429,0,0.00634581513728487,660.313794110177,660.313794110177,0,"No",4390,218103,0.0421892268511845,0.0360155434408192,3747.59737273445,0,1,"Yes",14075,415516,0.135265004084378,0.0686145286784475,7139.68478163586,0,1,"Yes",0,3572,0,0.000589847554460995,61.3765872794388,61.3765872794388,0,"No",0,7446,0,0.0012295646390024,127.942348511395,127.942348511395,0,"No",16312,1778580,0.156763250204219,0.293698505994747,30560.7980412834,14248.7980412834,0.533755695056286,"No",76686,3515375,0.736975637883811,0.580497017570918,60403.6171633419,0,1,"Yes"
"Massachusetts",136441,6893574,26978,3546542,0.197726489838099,0.51447072302408,70194.8999201285,43216.8999201285,0.384329916143438,"No",1181,437457,0.00865575596778095,0.0634586645475917,8658.36364953796,7477.36364953796,0.136399907396246,"No",4315,867425,0.0316253911947289,0.125830955031454,17168.5013354466,12853.5013354466,0.251332362428811,"No",0,326243,0,0.0473256688040195,6457.16157728923,6457.16157728923,0,"No",2488,634206,0.0182349880167985,0.0919995926641246,12552.5164226858,10064.5164226858,0.198207269062282,"No",0,17556,0,0.00254671959712045,347.476968550711,347.476968550711,0,"No",0,35652,0,0.00517177301643531,705.64188213545,705.64188213545,0,"No",2830,266549,0.0207415659515835,0.0386662999483287,5275.66863124991,2445.66863124991,0.536424896597328,"No",11114,512509,0.0814564537052646,0.074345905331545,10143.8296693413,0,1,"Yes",12,3869,8.79501029749122e-05,0.00056124732975957,76.5771469197255,64.5771469197255,0.156704715214572,"No",101,7584,0.000740246700038845,0.00110015501393036,150.106250255673,49.1062502556729,0.672856725339343,"No",23721,2841115,0.173855366055658,0.412139624525681,56232.7425099085,32511.7425099085,0.421836085903515,"No",114815,5522830,0.841499256088712,0.801156265240643,109310.561985699,0,1,"Yes"
"Michigan",163137,9966555,31916,5058742,0.195639247994017,0.507571773797466,82803.7364619971,50887.7364619971,0.385441543627055,"No",0,266637,0,0.0267531759971224,4364.43287264255,4364.43287264255,0,"No",2527,542105,0.0154900482416619,0.0543924154334171,8873.41547656136,6346.41547656136,0.284783238954034,"No",1370,739308,0.00839784966010163,0.0741788913019594,12101.3217903278,10731.3217903278,0.113210773478894,"No",3310,1405195,0.0202896951641872,0.140991044548492,23000.8560345074,19690.8560345074,0.14390768739364,"No",256,37046,0.00156923322115768,0.00371703161222709,606.385386123891,350.385386123891,0.422173762524838,"No",0,73658,0,0.0073905175860666,1205.66686743815,1205.66686743815,0,"No",0,171212,0,0.0171786540083309,2802.47407895707,2802.47407895707,0,"No",8218,338185,0.0503748383260695,0.0339319855255903,5535.56232268823,0,1,"Yes",10,2146,6.12981727014718e-05,0.000215320138202217,35.1266813858951,25.1266813858951,0.284683881467249,"No",37,4388,0.000226803238995446,0.000440272491347311,71.8247334209263,34.8247334209263,0.515142879586657,"No",28024,3975839,0.171781999178604,0.398918081523656,65078.2990655246,37054.2990655246,0.430619736569694,"No",142557,7881327,0.873848360580371,0.790777455198913,129005.061708785,0,1,"Yes"
"Minnesota",111659,5657342,0,2838748,0,0.501781225176063,56028.389821934,56028.389821934,0,"No",210,154579,0.00188072613940659,0.0273236088608396,3050.92684179249,2840.92684179249,0.0688315423114571,"No",1379,321686,0.0123501016487699,0.0568616852224949,6349.11891025856,4970.11891025856,0.21719549113687,"No",0,200480,0,0.0354371363795931,3956.87521100899,3956.87521100899,0,"No",1508,409573,0.0135054048486911,0.072396719165997,8083.74526535606,6575.74526535606,0.186547194462291,"No",69,38648,0.00061795287437645,0.00683147668993672,762.795855721645,693.795855721645,0.0904567053982254,"No",338,77485,0.0030270735005687,0.0136963612947564,1529.32200581121,1191.32200581121,0.221012970921524,"No",1510,153802,0.0135233165262093,0.0271862652107651,3035.59118716882,1525.59118716882,0.49743193562514,"No",4090,301058,0.036629380524633,0.0532154499409793,5941.98392495981,1851.98392495981,0.688322292966766,"No",0,2266,0,0.000400541455687141,44.7240584005704,44.7240584005704,0,"No",0,4650,0,0.000821940762994353,91.7770836551865,91.7770836551865,0,"No",0,2366949,0,0.418385347748112,46716.4895442064,46716.4895442064,0,"No",98645,4711873,0.883448714389346,0.832877524462902,92998.2715040031,0,1,"Yes"
"Mississippi",40421,2966786,6663,1530971,0.164840058385493,0.516036883010773,20858.7268481785,14195.7268481785,0.319434644717152,"No",0,44894,0,0.0151322003002576,611.658668336712,611.658668336712,0,"No",600,99990,0.0148437693278246,0.0337031386827361,1362.31456869488,762.314568694877,0.440426912981494,"No",0,596524,0,0.201067417737579,8127.34609237067,8127.34609237067,0,"No",0,1123913,0,0.378831840247325,15312.7618146371,15312.7618146371,0,"No",0,9296,0,0.00313335710765792,126.653427648641,126.653427648641,0,"No",94,18606,0.00232552386135919,0.00627143312662255,253.49759841121,159.49759841121,0.370812191472987,"No",0,17529,0,0.00590841402109893,238.82400314684,238.82400314684,0,"No",2193,33071,0.0542539768931991,0.0111470797017378,450.576108623945,0,1,"Yes",0,903,0,0.000304369779283036,12.3029308483996,12.3029308483996,0,"No",0,1946,0,0.000655928671633208,26.5132928360859,26.5132928360859,0,"No",5750,885918,0.142252789391653,0.298612033358658,12070.1970003903,6320.19700039032,0.47637996296283,"No",33009,1748392,0.816629969570273,0.589321912669131,23820.9810319989,0,1,"Yes"
"Missouri",105590,6151548,24855,3133825,0.235391609053888,0.509436811677321,53791.4329450083,28936.4329450083,0.462062425914729,"No",610,133900,0.00577706222180131,0.0217668788409031,2298.36473681096,1688.36473681096,0.265406090787135,"No",2023,276072,0.0191590112700066,0.044878459860835,4738.71657670557,2715.71657670557,0.426908840664706,"No",3227,380821,0.0305616062127095,0.0619065314941865,6536.71066047115,3309.71066047115,0.493673372987784,"No",4482,725295,0.0424472014395303,0.11790446892392,12449.5328736767,7967.53287367667,0.360013507773995,"No",0,17991,0,0.00292462970296257,308.811650335818,308.811650335818,0,"No",500,36508,0.00473529690311583,0.00593476633848911,626.651977681065,126.651977681065,0.797891042888363,"No",1232,71442,0.0116677715692774,0.0116136621221195,1226.2865834746,0,1,"Yes",4234,136920,0.0400984941755848,0.0222578121799586,2350.20238808183,0,1,"Yes",10,5154,9.47059380623165e-05,0.00083783789056023,88.4673028642547,78.4673028642547,0.113036112509772,"No",0,10423,0,0.00169437026257456,178.908556025248,178.908556025248,0,"No",20381,2581848,0.193020172364807,0.419707039593936,44316.8663107237,23935.8663107237,0.459892625464545,"No",90406,5089565,0.856198503646179,0.827363291321144,87361.2899305996,0,1,"Yes"
"Montana",31826,1080577,6336,536476,0.199082511154402,0.496471792384994,15800.7112644448,9464.71126444483,0.400994606759091,"No",53,22036,0.00166530509646201,0.0203928086568565,649.021528313114,596.021528313114,0.0816613897812503,"No",258,44960,0.00810657952617357,0.0416074004906638,1324.19712801587,1066.19712801587,0.194835039694263,"No",0,2607,0,0.00241259993503471,76.7834055324146,76.7834055324146,0,"No",121,6527,0.00380192295607365,0.00604029143688974,192.238315270453,71.2383152704527,0.629427072484326,"No",0,35930,0,0.0332507539953192,1058.23849665503,1058.23849665503,0,"No",294,71078,0.00923773015773267,0.0657778205532785,2093.44491692864,1799.44491692864,0.140438373908274,"No",111,6345,0.00348771444730723,0.00587186290287504,186.877908746901,75.877908746901,0.593970687837338,"No",380,10798,0.0119399233331239,0.00999280939720168,318.031151875341,0,1,"Yes",5,439,0.000157104254383209,0.00040626443094754,12.9297717793364,7.92977177933641,0.386704427992356,"No",50,944,0.00157104254383209,0.000873607341263047,27.8034272430377,0,1,"Yes",6154,475631,0.193363916294853,0.440163912428267,14008.656676942,7854.65667694204,0.43929979454271,"No",28652,959778,0.900270219317539,0.888208799558014,28268.1332547334,0,1,"Yes"
"Nebraska",40740,1937552,6434,969739,0.157928325969563,0.500497018918718,20390.2485507486,13956.2485507486,0.315542990267463,"No",196,108311,0.00481099656357388,0.0559009513035005,2277.40475610461,2081.40475610461,0.0860628746271912,"No",0,225592,0,0.116431455775122,4743.41750827849,4743.41750827849,0,"No",0,49546,0,0.0255714427277307,1041.78057672775,1041.78057672775,0,"No",279,102414,0.00684830633284242,0.0528574200847255,2153.41129425172,1874.41129425172,0.129561872710874,"No",0,15367,0,0.00793114197709274,323.114724146758,323.114724146758,0,"No",151,30911,0.00370643102601865,0.015953636341115,649.951144537024,498.951144537024,0.232325154389198,"No",0,27315,0,0.0140976861524233,574.339733849724,574.339733849724,0,"No",849,53514,0.020839469808542,0.0276193877635284,1125.21385748615,276.213857486148,0.75452323516239,"No",0,1209,0,0.000623983253094627,25.4210777310751,25.4210777310751,0,"No",0,2543,0,0.00131248090373833,53.4704720182994,53.4704720182994,0,"No",6245,852980,0.153289150711831,0.440235926571261,17935.2116485132,11690.2116485132,0.348197730943293,"No",36444,1701816,0.894550810014728,0.878333071834975,35783.2893465569,0,1,"Yes"
"Nevada",54370,3138259,11795,1565619,0.216939488688615,0.498881386144356,27124.1809646686,15329.1809646686,0.434851839963902,"No",885,456401,0.0162773588375943,0.145431272562271,7907.09828921067,7022.09828921067,0.111924750095442,"No",4127,924674,0.0759058304211882,0.294645534355195,16019.877702892,11892.877702892,0.257617447307665,"No",402,166253,0.00739378333639875,0.0529761883898047,2880.31536275368,2478.31536275368,0.139568050498357,"No",1151,328551,0.0211697627368034,0.104692123881426,5692.11077543313,4541.11077543313,0.202209697844894,"No",0,26588,0,0.00847221341514515,460.634243381442,460.634243381442,0,"No",207,53182,0.00380724664336951,0.0169463387183786,921.372436118243,714.372436118243,0.224664849832164,"No",2392,154787,0.0439948501011587,0.0493225702531244,2681.66814466237,289.668144662375,0.89198210627257,"No",6561,282006,0.120673165348538,0.0898606520366866,4885.72365123465,0,1,"Yes",0,13435,0,0.00428103607764687,232.759931541661,232.759931541661,0,"No",153,26595,0.00281405186683833,0.00847444395124813,460.755517629361,307.755517629361,0.332063305041256,"No",8929,1128394,0.164226595549016,0.35956050791219,19549.3048151857,10620.3048151857,0.456742584169235,"No",42966,2296904,0.790251977193305,0.731903899582539,39793.6150203027,0,1,"Yes"
"New Hampshire",29363,1366275,4825,689281,0.16432244661649,0.504496532542863,14813.5316850561,9988.53168505608,0.325715710647682,"No",0,27608,0,0.0202067665733472,593.331286893195,593.331286893195,0,"No",569,57467,0.0193781289377788,0.0420610784798082,1235.03944740261,666.039447402609,0.460714029172634,"No",0,11215,0,0.00820844998261697,241.024716839582,241.024716839582,0,"No",0,25564,0,0.0187107280745092,549.403108451812,549.403108451812,0,"No",0,1964,0,0.00143748513293444,42.2088759583539,42.2088759583539,0,"No",0,4221,0,0.00308942196849097,90.7146972608003,90.7146972608003,0,"No",294,21794,0.0100126008922794,0.0159514007063,468.380978939086,174.380978939086,0.627694149036388,"No",1058,41734,0.0360317406259578,0.030545827157783,896.917122833983,0,1,"Yes",0,359,0,0.000262758229492598,7.71536989259117,7.71536989259117,0,"No",6,733,0.000204338793719988,0.00053649521509213,15.7531090007502,9.75310900075022,0.380877196984688,"No",4447,641832,0.151449102612131,0.469767799308338,13793.7918910907,9346.79189109074,0.322391408766452,"No",25645,1269425,0.873378060824848,0.929113831402902,27281.5694314834,1636.56943148341,0.940011903069081,"No"
"New Jersey",185532,8882371,35971,4539322,0.193880300972339,0.511048457669692,94815.8424483733,58844.8424483733,0.379377528808923,"No",3000,936258,0.0161697173533407,0.105406315498418,19556.2445270525,16556.2445270525,0.153403686267578,"No",12286,1874656,0.0662203824677145,0.211053557659323,39157.1886596495,26871.1886596495,0.313761033939099,"No",1770,708427,0.00954013323847099,0.079756519965221,14797.3866621874,13027.3866621874,0.119615715964427,"No",4122,1352737,0.0222171916434901,0.152294584407699,28255.5188343293,24133.5188343293,0.145883005163294,"No",189,29240,0.00101869219326046,0.00329191383696988,610.755358000696,421.755358000696,0.309452872617754,"No",536,60310,0.00288898950046353,0.00678985374513179,1259.73514504179,723.735145041791,0.425486263608386,"No",7185,465077,0.0387264730612509,0.0523595557987839,9714.37310645998,2529.37310645998,0.73962569908109,"No",29567,908286,0.159363344328741,0.102257156338099,18971.9747297203,0,1,"Yes",0,5517,0,0.000621117942495309,115.23725410704,115.23725410704,0,"No",0,10958,0,0.00123367961099576,228.887045587265,228.887045587265,0,"No",26988,3225899,0.145462777310653,0.363179943733492,67381.5013207622,40393.5013207622,0.400525358904169,"No",142824,6342691,0.769807903757842,0.714076342904389,132484.012051737,0,1,"Yes"
"New Mexico",32100,2106319,6560,1063860,0.204361370716511,0.505080189657882,16213.074088018,9653.07408801801,0.404611732752647,"No",0,527189,0,0.250289248684553,8034.28488277417,8034.28488277417,0,"No",6094,1046092,0.189844236760125,0.496644620306801,15942.2923118483,9848.2923118483,0.382253686031772,"No",96,25568,0.00299065420560748,0.0121387121323978,389.652659449969,293.652659449969,0.246373270326226,"No",212,56543,0.00660436137071651,0.0268444618312801,861.70722478409,649.70722478409,0.246023236085921,"No",0,120145,0,0.0570402678796517,1830.99259893682,1830.99259893682,0,"No",0,233214,0,0.110721120589996,3554.14797093888,3554.14797093888,0,"No",0,21596,0,0.0102529578852966,329.11994811802,329.11994811802,0,"No",1372,39553,0.0427414330218069,0.0187782572345404,602.782057228748,0,1,"Yes",1,1733,3.11526479750779e-05,0.000822762364105342,26.4106718877815,25.4106718877815,0.0378634820139746,"No",48,3493,0.00149532710280374,0.00165834329937678,53.2328199099946,5.23281990999465,0.901699366690658,"No",6202,866589,0.193208722741433,0.41142343586133,13206.6922911487,7004.69229114868,0.46961039625014,"No",27575,1716720,0.859034267912773,0.815033240454081,26162.567018576,0,1,"Yes"
"New York",437676,19336776,99018,9946279,0.226235845694075,0.514371113364503,225127.891412922,126109.891412922,0.439829997867232,"No",6770,1898467,0.0154680631334595,0.0981790863171813,42970.6297829586,36200.6297829586,0.157549471213123,"No",22590,3738921,0.0516135223315878,0.193358034452072,84628.1710868451,62038.1710868451,0.266932390359922,"No",5164,1812511,0.0117986821301602,0.0937338778708509,41025.0687310025,35861.0687310025,0.125874255905818,"No",12636,3410644,0.0288706714555973,0.176381212669578,77197.8236363704,64561.8236363704,0.163683370913669,"No",512,97933,0.00116981511437685,0.00506459815224627,2216.65306088254,1704.65306088254,0.2309788613452,"No",1334,196693,0.00304791672378655,0.0101719645508641,4452.024756764,3118.024756764,0.299638944723576,"No",21738,931828,0.04966687686782,0.0481894189600169,21091.3521327444,0,1,"Yes",69856,1782587,0.159606649667791,0.0921863603322498,40347.7574447778,0,1,"Yes",0,14088,0,0.000728559921260918,318.873192097793,318.873192097793,0,"No",0,27911,0,0.00144341538630845,631.748272617938,631.748272617938,0,"No",72982,6820849,0.166748919291896,0.352739722485279,154385.710778467,81403.7107784669,0.472725096331773,"No",336180,13395980,0.768102431935953,0.692772156020218,303209.746158305,0,1,"Yes"
"North Carolina",171802,10600823,39295,5448241,0.228722599271254,0.513945096526939,88296.7954735212,49001.7954735212,0.445033138397236,"No",1566,511832,0.00911514417759979,0.0482822890260501,8294.99381925347,6728.99381925347,0.188788567432704,"No",5582,1052435,0.0324908906764764,0.0992786126133792,17056.2642042038,11474.2642042038,0.327269789748228,"No",2296,1254357,0.0133642216039394,0.118326378999065,20328.7085647973,18032.7085647973,0.112943721569009,"No",6556,2357626,0.038160207680935,0.222400279676399,38208.8128489647,31652.8128489647,0.171583451857433,"No",435,85130,0.00253198449377772,0.00803050857466444,1379.6574341445,944.6574341445,0.315295659077672,"No",1299,168343,0.00756102955728106,0.0158801821330287,2728.2470508186,1429.2470508186,0.476129901656171,"No",2948,181247,0.0171592880176017,0.017097446113382,2937.37543717125,0,1,"Yes",11208,353258,0.0652378901293349,0.0333236391174534,5725.06784765673,0,1,"Yes",0,7285,0,0.000687210794859984,118.064188978535,118.064188978535,0,"No",0,14988,0,0.00141385249050946,242.902685574507,242.902685574507,0,"No",33927,3788223,0.197477328552636,0.357351782970058,61393.7510178219,27466.7510178219,0.552613245444986,"No",144269,7449248,0.839739933178892,0.702704686230494,120726.070503771,0,1,"Yes"
"North Dakota",18575,765309,3419,373494,0.184064602960969,0.488030325005978,9065.16328698604,5646.16328698604,0.377158126308472,"No",50,15332,0.00269179004037685,0.0200337380064784,372.126683470337,322.126683470337,0.134362845291597,"No",149,33257,0.00802153432032301,0.0434556499400896,807.188697637164,658.188697637164,0.184591286320236,"No",0,11523,0,0.0150566633869457,279.677522412516,279.677522412516,0,"No",67,26634,0.00360699865410498,0.0348016291458744,646.440261384617,579.440261384617,0.103644534541354,"No",0,21664,0,0.0283075202303906,525.812188279505,525.812188279505,0,"No",230,42873,0.0123822341857335,0.0560205093628848,1040.58096141559,810.580961415585,0.221030374885115,"No",0,6531,0,0.00853380791288225,158.515481981788,158.515481981788,0,"No",317,13090,0.0170659488559892,0.0171042023548658,317.710558741632,0.710558741632497,0.997763502905138,"No",0,329,0,0.000429891716940478,7.98523864216937,7.98523864216937,0,"No",0,666,0,0.000870236727909903,16.1646472209265,16.1646472209265,0,"No",3264,324642,0.175720053835801,0.424197285018208,7879.46456921322,4615.46456921322,0.414241344869188,"No",16092,663899,0.866325706594886,0.867491431565551,16113.6533413301,21.653341330104,0.998656211544867,"No"
"Ohio",169248,11693217,30859,5960556,0.18233007184723,0.509744752021621,86273.2797901553,55414.2797901553,0.357688963199952,"No",633,238770,0.00374007373794668,0.020419530399547,3455.96468106253,2822.96468106253,0.183161594060442,"No",2235,488084,0.0132054736245037,0.0417407801463019,7064.54355820131,4829.54355820131,0.316368634659399,"No",1609,799739,0.00950675931177917,0.0683934113255574,11575.4480800279,9966.44808002793,0.139001098607676,"No",4026,1535995,0.023787577992059,0.131357777761244,22232.041170535,18206.041170535,0.181089984905921,"No",0,16923,0,0.00144724928990884,244.944047818492,244.944047818492,0,"No",412,34561,0.00243429759878994,0.00295564514025524,500.23702869792,88.2370286979195,0.823609561795947,"No",1702,157154,0.0100562488183021,0.0134397574251808,2274.65206469699,572.652064696995,0.748246303870092,"No",8316,304804,0.0491349971639251,0.0260667359546992,4411.74292686093,0,1,"Yes",6,3714,3.54509359047079e-05,0.00031762003561552,53.7565557878555,47.7565557878555,0.111614293588272,"No",0,7826,0,0.000669276897880198,113.273776412428,113.273776412428,0,"No",27596,4835737,0.163050671204386,0.413550608014886,69992.6133053034,42396.6133053034,0.394270176477452,"No",146622,9517953,0.866314520703347,0.813972151547346,137763.158705085,0,1,"Yes"
"Oklahoma",68148,3980783,13208,2009602,0.19381346481188,0.504825809394785,34402.8692586358,21194.8692586358,0.383921465988902,"No",0,217275,0,0.0545809706281402,3719.5839863665,3719.5839863665,0,"No",2402,452487,0.0352468157539473,0.113667838714142,7746.23587269138,5344.23587269138,0.310086090777073,"No",0,154280,0,0.0387561944471728,2641.15713918593,2641.15713918593,0,"No",879,310208,0.0128983976052122,0.0779263778005483,5310.52679435176,4431.52679435176,0.165520302229695,"No",1334,193317,0.0195750425544403,0.0485625566628475,3309.44111145973,1975.44111145973,0.403089209045209,"No",4058,382154,0.0595468685801491,0.0959997065903869,6542.18800472168,2484.18800472168,0.620281776841513,"No",760,50380,0.0111521981569525,0.012655801635005,862.467569822319,102.467569822319,0.881192553311391,"No",3134,96016,0.0459881434524858,0.024119877923514,1643.72144073163,0,1,"Yes",0,4357,0,0.00109450829145924,74.5885510463645,74.5885510463645,0,"No",0,9202,0,0.00231160553087169,157.531293717844,157.531293717844,0,"No",11550,1476246,0.169484064095792,0.370843123074028,25272.2171512489,13722.2171512489,0.457023613356742,"No",56536,2925794,0.82960615131772,0.73497952538483,50087.3846959254,0,1,"Yes"
"Oregon",90942,4241507,20382,2139046,0.224120868245695,0.50431273601576,45863.2088387453,25481.2088387453,0.444408503374959,"No",1157,279984,0.0127223944931935,0.0660105005131431,6003.12693766626,4846.12693766626,0.192732889378113,"No",4311,579836,0.0474038398099888,0.136705185208936,12432.2429532711,8121.24295327109,0.346759632690875,"No",0,43544,0,0.0102661624747996,933.625347783229,933.625347783229,0,"No",639,94923,0.00702645642277496,0.0223795457605045,2035.2406505518,1396.2406505518,0.313967785493452,"No",393,38554,0.00432143564029821,0.0090896938281606,826.634936120582,433.634936120582,0.475421474253627,"No",1632,78690,0.0179455037276506,0.0185523682974,1687.18947770215,55.1894777021471,0.967289105087763,"No",1929,111600,0.0212113215016164,0.0263114029989813,2392.81161153335,463.811611533354,0.806164593444055,"No",6165,208564,0.067790459853533,0.0491721456548345,4471.81327014196,0,1,"Yes",76,9826,0.00083569747751314,0.00231662944326156,210.678914829093,134.678914829093,0.36073852032916,"No",274,20138,0.00301290932682369,0.004747840802809,431.778138289056,157.778138289056,0.634585162383949,"No",18093,1847670,0.198950979745332,0.435616397662435,39615.8264362171,21522.8264362171,0.456711411262122,"No",77241,3664352,0.849343537639375,0.863926901452715,78567.2402719128,1326.24027191279,0.9831196785413,"No"
"Pennsylvania",213299,12783254,39512,6516212,0.185242312434657,0.509745953573323,108728.302151236,69216.3021512363,0.36340124161086,"No",951,508773,0.00445853004467907,0.0397999601666368,8489.29170358345,7538.29170358345,0.112023480074147,"No",3741,1032627,0.0175387601442107,0.0807796668985847,17230.2221698012,13489.2221698012,0.217118500454203,"No",0,801735,0,0.062717599133992,13377.6011776814,13377.6011776814,0,"No",3740,1551913,0.0175340718896947,0.121402031126034,25894.9318371519,22154.9318371519,0.144429806709672,"No",0,26348,0,0.00206113404302222,439.637830242597,439.637830242597,0,"No",0,53447,0,0.00418101682091273,891.806706883865,891.806706883865,0,"No",4064,254732,0.0190530663528662,0.0199270076304515,4250.41080056768,186.410800567681,0.956142874344573,"No",14909,494543,0.069897186578465,0.0386867850705306,8251.8525687591,0,1,"Yes",0,5673,0,0.000443783718918516,94.6586234616006,94.6586234616006,0,"No",214,11182,0.00100328646641569,0.000874738153524916,186.580773408711,0,1,"Yes",33868,5283815,0.158781803946573,0.4133388102904,88164.7548961321,54296.7548961321,0.384144435493529,"No",180711,10388566,0.847219161833858,0.81266991956821,173341.68117398,0,1,"Yes"
"Rhode Island",23017,1057125,4538,542433,0.19715862188817,0.513120964881164,11810.5052486697,7272.50524866974,0.384234196967241,"No",0,87633,0,0.0828974813763746,1908.05132884001,1908.05132884001,0,"No",924,176471,0.0401442412130165,0.166934846872413,3842.33937046234,2918.33937046234,0.240478497839929,"No",141,46171,0.00612590693834992,0.0436760080406764,1005.29067707225,864.290677072248,0.140257940529838,"No",454,91950,0.0197245514185167,0.08698119900674,2002.04625753813,1548.04625753813,0.226767987148445,"No",0,6034,0,0.00570793425564621,131.379522762209,131.379522762209,0,"No",35,12029,0.00152061519746274,0.0113789759962162,261.909890504907,226.909890504907,0.133633746829978,"No",0,20218,0,0.0191254582003074,440.210671396476,440.210671396476,0,"No",883,38958,0.0383629491245601,0.0368527846754168,848.240544874069,0,1,"Yes",0,1107,0,0.001047179851011,24.1029386307201,24.1029386307201,0,"No",0,2218,0,0.00209814354972212,48.2929700839541,48.2929700839541,0,"No",4276,453021,0.185775730981449,0.428540617240156,9863.71938701667,5587.71938701667,0.433507871850894,"No",19805,880551,0.860450971021419,0.832967719049308,19172.4179893579,0,1,"Yes"
"South Carolina",79224,5218040,16390,2694628,0.20688175300414,0.516406160167419,40911.7616331036,24521.7616331036,0.400618290333851,"No",839,152106,0.0105902251842876,0.0291500256801404,2309.38163448345,1470.38163448345,0.363300715426216,"No",1971,320061,0.0248788245986065,0.0613373987167595,4859.39407593656,2888.39407593656,0.405606124796562,"No",1073,747159,0.0135438755932546,0.143187671999448,11343.9001264843,10270.9001264843,0.0945882798716553,"No",3067,1398839,0.0387130162576997,0.268077477366981,21238.1700669217,18171.1700669217,0.14440980509789,"No",0,14087,0,0.00269967267403086,213.878867927421,213.878867927421,0,"No",349,29119,0.00440523073816015,0.00558044783098635,442.105398962062,93.1053989620623,0.789404519418565,"No",1009,52116,0.0127360395839645,0.00998765820116366,791.262233328989,0,1,"Yes",5090,98989,0.0642482076138544,0.018970532997064,1502.9215061594,0,1,"Yes",0,2491,0,0.000477382312132525,37.8201362963871,37.8201362963871,0,"No",0,5270,0,0.00100995776191827,80.0128937302129,80.0128937302129,0,"No",14451,1824170,0.182406846410179,0.349589117753026,27695.8482648657,13244.8482648657,0.52177495564677,"No",66431,3578889,0.838521155205493,0.685868448689546,54337.2419789806,0,1,"Yes"
"South Dakota",21408,892717,3348,442058,0.156390134529148,0.495182683874061,10600.8708963759,7252.8708963759,0.315823108565974,"No",0,18459,0,0.0206773255130125,442.660184582572,442.660184582572,0,"No",137,39604,0.00639947683109118,0.0443634432860582,949.732593867933,812.732593867933,0.144251130143956,"No",0,8881,0,0.00994828148226146,212.972809972253,212.972809972253,0,"No",0,21455,0,0.0240333722781128,514.506433729838,514.506433729838,0,"No",30,40452,0.00140134529147982,0.0453133523837902,970.06824783218,940.06824783218,0.0309256591657765,"No",144,80052,0.00672645739910314,0.0896723149665572,1919.70491880406,1775.70491880406,0.0750115283809918,"No",0,7910,0,0.00886059075832543,189.687526954231,189.687526954231,0,"No",220,14971,0.0102765321375187,0.0167701522430961,359.015419220201,139.015419220201,0.612787050979178,"No",0,369,0,0.000413344878612147,8.84888716132884,8.84888716132884,0,"No",0,862,0,0.00096559155925114,20.6713841004484,20.6713841004484,0,"No",3212,373195,0.150037369207773,0.418044016188781,8949.48629856942,5737.48629856942,0.358903281466942,"No",19144,752682,0.89424514200299,0.843136178654602,18049.8593126377,0,1,"Yes"
"Tennessee",92546,6886834,17304,3528814,0.186977286970804,0.512400037520869,47420.5738724064,30116.5738724064,0.364904904916578,"No",434,193161,0.00468955978648456,0.0280478664071183,2595.71784451317,2161.71784451317,0.167198449907562,"No",2524,404410,0.0272729237352236,0.0587221936814507,5434.50413644354,2910.50413644354,0.464439797381728,"No",0,619048,0,0.0898886193568772,8318.83216700156,8318.83216700156,0,"No",2489,1172146,0.0268947334298619,0.170200995116188,15751.4212940228,13262.4212940228,0.158017486393086,"No",143,16086,0.00154517753333477,0.0023357612511061,216.165360744865,73.1653607448648,0.661530596332591,"No",517,33827,0.00558641108205649,0.00491183612092291,454.570785646932,0,1,"Yes",1359,71703,0.0146845892853284,0.0104116056812172,963.55245937393,0,1,"Yes",6965,136836,0.0752598707669699,0.0198692171177641,1838.8165673806,0,1,"Yes",4,3457,4.32217491841895e-05,0.000501972314128669,46.4555297833518,42.4555297833518,0.0861038506858977,"No",0,7165,0,0.00104039098372344,96.284023979669,96.284023979669,0,"No",14860,2745760,0.160568798219264,0.398696991970476,36897.8118188997,22037.8118188997,0.402733909342246,"No",75825,5393461,0.819322282972792,0.783155365731191,72477.8964769588,0,1,"Yes"
"Texas",436419,29360759,94940,14779708,0.217543232535705,0.503383035840456,219685.921118456,124745.921118456,0.432162423138658,"No",14913,5811112,0.0341712895176425,0.197921041482613,86376.5030028004,71463.5030028004,0.172651120172305,"No",58900,11691857,0.134962043357416,0.398213717840196,173788.032526101,114888.032526101,0.338918619100852,"No",3830,1983954,0.00877596988215453,0.0675716182950175,29489.5380846932,25659.5380846932,0.129876568056113,"No",10813,3844253,0.0247766481294352,0.130931662904219,57141.0653929961,46328.0653929961,0.189233433532119,"No",0,149744,0,0.0051001406332854,2225.79827503778,2225.79827503778,0,"No",3269,307285,0.00749050797513399,0.0104658397965802,4567.49133818373,1298.49133818373,0.715710169534754,"No",14560,812523,0.0333624338078773,0.0276737736922945,12077.3606410175,0,1,"Yes",57348,1584830,0.131405827885587,0.0539778280254948,23556.9497290584,0,1,"Yes",0,22523,0,0.00076711232158542,334.782392273987,334.782392273987,0,"No",647,45057,0.00148252023857806,0.00153459929288613,669.728288802071,22.7282888020709,0.966063418281577,"No",76544,11499060,0.175391080589983,0.391647232280337,170922.293464552,94378.2934645525,0.44782923542899,"No",347573,22958002,0.796420412493498,0.781928082989953,341248.272050392,0,1,"Yes"
"Utah",70469,3249879,11131,1612139,0.157955980643971,0.496061237972244,34956.9393786661,23825.9393786661,0.318420325058353,"No",874,230001,0.0124026167534661,0.0707721733639929,4987.24428478722,4113.24428478722,0.175247080369814,"No",2949,471647,0.0418481885651847,0.14512755705674,10226.9938182314,7277.99381823139,0.288354530413707,"No",0,21255,0,0.0065402434982964,460.884419081449,460.884419081449,0,"No",263,48513,0.00373213753565398,0.0149276326903248,1051.9353480545,788.935348054497,0.250015364999765,"No",0,25276,0,0.00777752033229545,548.074080296528,548.074080296528,0,"No",0,50680,0,0.0155944267463496,1098.92365838851,1098.92365838851,0,"No",688,45927,0.00976315826817466,0.0141319107572928,995.861619155667,307.861619155667,0.6908590378082,"No",2435,87168,0.0345542011380891,0.0268219216776994,1890.1139987058,0,1,"Yes",0,17401,0,0.00535435319284195,377.315915146379,377.315915146379,0,"No",0,36571,0,0.0112530343437402,792.990077169027,792.990077169027,0,"No",10348,1458831,0.146844711859115,0.448887789360773,31632.6736284643,21284.6736284643,0.327130109883866,"No",63547,2938461,0.90177241056351,0.904175509303577,63716.3439651138,169.343965113781,0.997342220934608,"No"
"Vermont",16179,623347,3221,315355,0.199085233945238,0.505906020242337,8185.05350150077,4964.05350150077,0.393522168109153,"No",0,6570,0,0.0105398758636843,170.524651598548,170.524651598548,0,"No",0,13318,0,0.021365306963858,345.669301368259,345.669301368259,0,"No",0,3777,0,0.00605922543944224,98.032208384736,98.032208384736,0,"No",92,8900,0.00568638358365783,0.0142777618244734,230.999908558155,138.999908558155,0.39826855592386,"No",0,1200,0,0.00192509148195147,31.1460550864928,31.1460550864928,0,"No",0,2465,0,0.00395445875250863,63.9791881568372,63.9791881568372,0,"No",0,6928,0,0.0111141948224665,179.816558032685,179.816558032685,0,"No",226,12528,0.0139687248902899,0.0200979550715733,325.164815102984,99.1648151029844,0.695032148322759,"No",0,107,0,0.000171653990474006,2.77718991187894,2.77718991187894,0,"No",0,232,0,0.000372184353177283,6.02157065005527,6.02157065005527,0,"No",3093,296960,0.191173743741888,0.476395972066923,7707.61043207074,4614.61043207074,0.401291687905019,"No",13931,586496,0.861054453303665,0.940882044832172,15222.5306033397,1291.53060333971,0.915156642676983,"No"
"Virginia",144885,8590563,34105,4363032,0.235393588018083,0.507886619305394,73585.1528380619,39480.1528380619,0.463476648272438,"No",1169,414878,0.008068468095386,0.0482946228320542,6997.16642902217,5828.16642902217,0.167067628283263,"No",5882,855301,0.0405977154294785,0.0995628575216781,14425.1646120283,8543.16461202834,0.407759644912151,"No",2328,889644,0.0160679159333264,0.10356061645785,15004.3799154956,12676.3799154956,0.155154695702938,"No",6355,1713129,0.0438623736066535,0.19941987504195,28892.9485954529,22537.9485954529,0.219949860049941,"No",0,23012,0,0.00267875341814035,388.111188987264,388.111188987264,0,"No",578,48099,0.00398937088035338,0.00559905095859259,811.218498135687,233.218498135687,0.71250840720267,"No",6190,320771,0.0427235393588018,0.0373399275460759,5409.9954025132,0,1,"Yes",18947,610373,0.130772681782103,0.0710515713580123,10294.3069162056,0,1,"Yes",52,5157,0.000358905338716913,0.000600309898198756,86.9758996005268,34.9758996005268,0.597866768137286,"No",154,10439,0.00106291196466163,0.00121517064713919,176.059999210762,22.0599992107618,0.874701810123526,"No",25816,2982964,0.178182696621458,0.347237311454441,50309.4778700767,24493.4778700767,0.513143866582542,"No",111701,5928117,0.770963177692653,0.690073165169733,99981.2505356168,0,1,"Yes"
"Washington",150960,7693612,33124,3840014,0.219422363540011,0.499117189689316,75346.7309554992,42222.7309554992,0.439620930861134,"No",1417,497598,0.00938659247482777,0.0646767734063012,9763.60571341523,8346.60571341523,0.14513080941532,"No",6526,1027545,0.0432299947005829,0.133558203870952,20161.9464563589,13635.9464563589,0.323679066112279,"No",550,156061,0.00364334923158453,0.0202844905617803,3062.14669520636,2512.14669520636,0.179612557706983,"No",1608,340660,0.0106518282988871,0.0442782921727792,6684.25098640275,5076.25098640275,0.240565472970873,"No",349,73984,0.00231187069422364,0.00961628946195883,1451.67505717731,1102.67505717731,0.240411928464631,"No",1307,149705,0.00865792262851086,0.0194583506420651,2937.43261292615,1630.43261292615,0.444946377407453,"No",5369,397734,0.0355657127715951,0.0516966543152943,7804.12693543683,2435.12693543683,0.687969332689932,"No",16522,757033,0.109446210916799,0.0983976057019772,14854.1025567705,0,1,"Yes",0,30438,0,0.00395626917499869,597.238394657802,597.238394657802,0,"No",308,61541,0.00204027556968733,0.00799897369402044,1207.52506884933,899.525068849326,0.255067168330923,"No",27259,2985778,0.180571012188659,0.388085336250385,58585.3623603582,31326.3623603582,0.465286872040324,"No",123429,5992328,0.817627186009539,0.778870574705353,117578.30195752,0,1,"Yes"
"West Virginia",22648,1784787,3437,900511,0.151757329565525,0.504548161769444,11427.0067677544,7990.00676775436,0.300778678953687,"No",0,14856,0,0.00832368232175604,188.514757223131,188.514757223131,0,"No",390,31999,0.0172200635817732,0.0179287500413215,406.050330935848,16.0503309358484,0.960472065374614,"No",0,29768,0,0.0166787409365936,377.740124731971,377.740124731971,0,"No",0,65244,0,0.0365556226037057,827.911740728726,827.911740728726,0,"No",0,2144,0,0.00120126379226205,27.2062223671508,27.2062223671508,0,"No",0,4609,0,0.00258238097879467,58.4857644077417,58.4857644077417,0,"No",0,8103,0,0.00454003755069933,102.822770448238,102.822770448238,0,"No",664,15426,0.0293182620981985,0.00864304816204959,195.747754774099,0,1,"Yes",0,276,0,0.000154640301615823,3.50229355099516,3.50229355099516,0,"No",0,538,0,0.000301436529961278,6.82693453056303,6.82693453056303,0,"No",3114,843417,0.137495584599082,0.472558910390988,10702.5142025351,7588.51420253509,0.290959669949552,"No",19618,1665040,0.866213352172377,0.932906839863805,21128.4741092354,1510.47410923545,0.928510023893528,"No"
"Wisconsin",101586,5832655,18111,2928939,0.178282440493769,0.502162222864202,51012.6515718828,32901.6515718828,0.355029574859081,"No",0,206984,0,0.0354870980711186,3604.99234465265,3604.99234465265,0,"No",0,425753,0,0.0729947168142124,7415.24130228858,7415.24130228858,0,"No",506,199201,0.0049810013190794,0.0341527143299235,3469.43763791961,2963.43763791961,0.145844961866331,"No",1185,393117,0.0116649932077255,0.0673993232927372,6846.827656016,5661.827656016,0.173072853521995,"No",0,34820,0,0.00596983706391,606.451867974362,606.451867974362,0,"No",0,69974,0,0.0119969379296392,1218.72093652033,1218.72093652033,0,"No",1030,93541,0.0101391924084027,0.0160374649280645,1629.18191218236,599.181912182359,0.632219147719527,"No",3778,183087,0.0371901639989762,0.0313899930649078,3188.78383549173,0,1,"Yes",0,1661,0,0.000284775972520233,28.9292519444404,28.9292519444404,0,"No",0,3529,0,0.00060504178628772,61.4637749018243,61.4637749018243,0,"No",16589,2537327,0.163300061032032,0.435020929576668,44192.0361519754,27603.0361519754,0.375384377921642,"No",90257,5058584,0.888478727383695,0.867286681622692,88104.1848393227,0,1,"Yes"
"Wyoming",17162,582328,3379,285437,0.196888474536767,0.490165336374002,8412.21750285063,5033.21750285063,0.401677678787426,"No",0,28712,0,0.0493055460153041,846.181780714649,846.181780714649,0,"No",411,60279,0.0239482577788137,0.103513827258864,1776.50430341663,1365.50430341663,0.2313532251003,"No",0,2888,0,0.00495940432196288,85.1132969735269,85.1132969735269,0,"No",107,7083,0.00623470457988579,0.0121632482037615,208.745665672954,101.745665672954,0.512585493236727,"No",0,8004,0,0.0137448310917558,235.888791196714,235.888791196714,0,"No",217,16374,0.0126442139610768,0.0281181739500762,482.564101331209,265.564101331209,0.449681191372049,"No",154,3363,0.00897331313366741,0.00577509582228572,99.1121945020676,0,1,"Yes",358,6394,0.0208600396224216,0.0109800662169774,188.439896415766,0,1,"Yes",0,291,0,0.000499718371776731,8.57616669643225,8.57616669643225,0,"No",0,617,0,0.00105954032778778,18.1838311054938,18.1838311054938,0,"No",3259,264342,0.189896282484559,0.453940047533349,7790.51909576733,4531.51909576733,0.418328991937219,"No",15111,538519,0.880491784174339,0.92476920223654,15870.8890487835,759.889048783503,0.952120574565938,"No"
